Collar ID,Acq. Time [UTC],SCTS [UTC],Origin,Latitude[deg],Longitude[deg],Altitude[m],DOP,Fix Type,Mortality Status,Temp[Â°C],Main[V],Beacon [V],Animal
21759,2023-11-01 22:00:39,2023-11-02 10:05:24,Iridium,36.96739,-122.08286,49,1.4,3D Validated,Nothing Detected,32,3.36,3.6,25F
21759,2023-11-01 18:00:59,2023-11-02 10:05:38,Iridium,36.97075,-122.08113,63,7.6,3D Validated,Nothing Detected,25,3.28,3.6,25F
21759,2023-11-01 14:01:09,2023-11-02 10:05:38,Iridium,36.96957,-122.07951,23,4.6,3D Validated,Nothing Detected,16,3.28,3.6,25F
21759,2023-11-01 10:00:54,2023-11-02 10:05:38,Iridium,36.97371,-122.06640,82,2.6,3D Validated,Nothing Detected,15,3.28,3.6,25F
21759,2023-11-01 06:00:37,2023-11-02 10:05:38,Iridium,36.97212,-122.06374,83,2.2,3D Validated,Nothing Detected,19,3.28,3.6,25F
21759,2023-11-01 02:00:37,2023-11-02 10:05:50,Iridium,36.96457,-122.05886,56,5,3D Validated,Nothing Detected,21,3.28,3.6,25F
21759,2023-10-31 22:00:54,2023-11-02 10:05:50,Iridium,36.96480,-122.05862,42,4.8,3D Validated,Nothing Detected,28,3.36,3.6,25F
21759,2023-10-31 18:01:38,2023-11-02 10:05:50,Iridium,36.96545,-122.06138,16,7.4,3D Validated,Nothing Detected,22,3.28,3.6,25F
21759,2023-10-31 14:01:07,2023-11-02 10:05:50,Iridium,36.97205,-122.06132,88,3,3D Validated,Nothing Detected,18,3.28,3.6,25F
21759,2023-10-31 10:00:39,2023-11-02 10:05:59,Iridium,36.97206,-122.06137,66,2,3D Validated,Nothing Detected,18,3.36,3.6,25F
21759,2023-10-31 06:00:39,2023-11-02 10:05:59,Iridium,36.98391,-122.07752,164,2.8,3D Validated,Nothing Detected,19,3.28,3.6,25F
21759,2023-10-30 22:03:00,2023-11-02 10:05:59,Iridium,36.99004,-122.07732,212,6.4,3D,Nothing Detected,31,3.28,3.6,25F
21759,2023-10-30 18:00:44,2023-11-02 10:06:10,Iridium,36.99000,-122.07742,177,2.8,3D Validated,Nothing Detected,25,3.28,3.6,25F
21759,2023-10-30 14:01:08,2023-11-02 10:06:10,Iridium,36.99136,-122.07876,207,5,3D Validated,Nothing Detected,18,3.28,3.6,25F
21759,2023-10-30 10:01:02,2023-10-30 10:05:23,Iridium,37.00312,-122.08151,269,4,3D Validated,Nothing Detected,19,3.28,3.6,25F
21759,2023-10-30 06:01:08,2023-10-30 10:05:23,Iridium,37.00309,-122.08137,277,3,3D Validated,Nothing Detected,20,3.28,3.6,25F
21759,2023-10-30 02:01:36,2023-10-30 10:05:23,Iridium,37.00303,-122.08148,280,3.6,3D Validated,Nothing Detected,21,3.28,3.6,25F
21759,2023-10-29 22:01:36,2023-10-30 10:05:23,Iridium,37.00319,-122.08142,336,5.4,3D Validated,Nothing Detected,21,3.28,3.6,25F
21759,2023-10-29 18:02:08,2023-10-30 10:05:38,Iridium,37.00293,-122.08159,261,4,3D Validated,Nothing Detected,21,3.28,3.6,25F
21759,2023-10-29 14:01:32,2023-10-30 10:05:38,Iridium,37.00315,-122.08153,281,6.6,3D Validated,Nothing Detected,19,3.28,3.6,25F
21759,2023-10-29 10:02:36,2023-10-30 10:05:38,Iridium,37.00341,-122.08123,276,4.2,3D Validated,Nothing Detected,17,3.28,3.6,25F
21759,2023-10-29 06:01:06,2023-10-30 10:05:38,Iridium,37.00296,-122.08164,217,3.6,3D Validated,Nothing Detected,17,3.28,3.6,25F
21759,2023-10-29 02:01:38,2023-10-30 10:05:46,Iridium,37.00341,-122.08122,249,3.4,3D Validated,Nothing Detected,22,3.28,3.6,25F
21759,2023-10-28 18:01:38,2023-10-30 10:05:46,Iridium,37.00340,-122.08151,321,7.8,3D Validated,Nothing Detected,20,3.28,3.6,25F
21759,2023-10-28 14:01:56,2023-10-30 10:05:46,Iridium,37.00302,-122.08154,298,5.2,3D Validated,Nothing Detected,18,3.28,3.6,25F
21759,2023-10-28 10:02:56,2023-10-30 10:05:59,Iridium,37.00344,-122.08111,268,5.4,3D,Nothing Detected,19,3.28,3.6,25F
21759,2023-10-28 06:01:34,2023-10-30 10:05:59,Iridium,37.00293,-122.08147,274,5.8,3D Validated,Nothing Detected,18,3.28,3.6,25F
21759,2023-10-28 02:01:40,2023-10-30 10:05:59,Iridium,37.00306,-122.08159,278,3.2,3D Validated,Nothing Detected,20,3.28,3.6,25F
21759,2023-10-27 22:00:39,2023-10-30 10:05:59,Iridium,37.00317,-122.08134,321,5.6,3D Validated,Nothing Detected,21,3.28,3.6,25F
21759,2023-10-27 18:01:28,2023-11-02 10:06:10,Iridium,37.00342,-122.08121,328,7.8,3D Validated,Nothing Detected,20,3.28,3.6,25F
21759,2023-10-27 14:01:26,2023-11-02 10:06:10,Iridium,37.00276,-122.08157,213,5.2,3D Validated,Nothing Detected,16,3.28,3.6,25F
21759,2023-10-27 10:01:06,2023-10-27 10:06:03,Iridium,37.00316,-122.08154,310,3.4,3D Validated,Nothing Detected,19,3.28,3.6,25F
21759,2023-10-27 06:02:24,2023-10-27 10:06:03,Iridium,37.00328,-122.08126,283,4.2,3D Validated,Nothing Detected,18,3.28,3.6,25F
21759,2023-10-27 02:01:08,2023-10-27 10:06:03,Iridium,37.00312,-122.08162,276,2.8,3D Validated,Nothing Detected,22,3.28,3.6,25F
21759,2023-10-26 22:01:09,2023-10-27 10:06:03,Iridium,37.00335,-122.08127,292,3.6,3D Validated,Nothing Detected,22,3.28,3.6,25F
21759,2023-10-26 06:00:37,2023-10-27 10:06:30,Iridium,37.00319,-122.08149,282,3.6,3D Validated,Nothing Detected,21,3.36,3.6,25F
21759,2023-10-26 02:01:07,2023-10-27 10:06:50,Iridium,37.00348,-122.08140,253,4.8,3D Validated,Nothing Detected,22,3.28,3.6,25F
21759,2023-10-25 22:01:06,2023-10-27 10:06:50,Iridium,37.00338,-122.08137,267,2.8,3D Validated,Nothing Detected,24,3.28,3.6,25F
21759,2023-10-25 18:01:00,2023-10-27 10:06:50,Iridium,37.00330,-122.08147,252,4.6,3D Validated,Nothing Detected,20,3.28,3.6,25F
21759,2023-10-25 06:00:39,2023-11-02 10:06:30,Iridium,37.00325,-122.08135,283,3.4,3D Validated,Nothing Detected,22,3.28,3.6,25F
21759,2023-10-25 02:02:02,2023-11-02 10:06:30,Iridium,37.00312,-122.08156,269,2.8,3D Validated,Nothing Detected,23,3.28,3.6,25F
21759,2023-10-24 22:01:38,2023-11-02 10:06:30,Iridium,37.00312,-122.08159,259,4,3D Validated,Nothing Detected,24,3.28,3.6,25F
21759,2023-10-24 18:01:32,2023-11-02 10:06:38,Iridium,37.00620,-122.08735,341,4.8,3D Validated,Nothing Detected,21,3.28,3.6,25F
21759,2023-10-24 14:00:39,2023-11-02 10:06:38,Iridium,36.99850,-122.08581,235,5,3D Validated,Nothing Detected,19,3.28,3.6,25F
21759,2023-10-24 10:01:08,2023-10-24 10:05:26,Iridium,36.98042,-122.09073,130,5.2,3D Validated,Nothing Detected,21,3.28,3.6,25F
21759,2023-10-24 06:00:37,2023-10-24 10:05:26,Iridium,36.96331,-122.08762,22,2.2,3D Validated,Nothing Detected,23,3.28,3.6,25F
21759,2023-10-24 02:00:37,2023-10-24 10:05:26,Iridium,36.96906,-122.06049,72,1.2,3D Validated,Nothing Detected,21,3.28,3.6,25F
21759,2023-10-23 22:00:37,2023-10-24 10:05:26,Iridium,36.96640,-122.06248,69,1.8,3D Validated,Nothing Detected,33,3.36,3.6,25F
21759,2023-10-23 18:01:08,2023-10-24 10:05:36,Iridium,36.96835,-122.06357,77,4.8,3D Validated,Nothing Detected,22,3.28,3.6,25F
21759,2023-10-23 10:01:33,2023-10-24 10:05:36,Iridium,36.97493,-122.06036,61,2,3D Validated,Nothing Detected,22,3.28,3.6,25F
21759,2023-10-23 06:00:37,2023-10-24 10:05:36,Iridium,36.97486,-122.06944,98,2,3D Validated,Nothing Detected,19,3.28,3.6,25F
21759,2023-10-23 02:00:37,2023-10-24 10:05:36,Iridium,36.97695,-122.08158,105,1.4,3D Validated,Nothing Detected,19,3.28,3.6,25F
21759,2023-10-22 22:02:49,2023-10-24 10:05:47,Iridium,36.97545,-122.08517,58,6.8,3D Validated,Nothing Detected,22,3.28,3.6,25F
21759,2023-10-22 18:00:39,2023-10-24 10:05:47,Iridium,36.97099,-122.09353,70,1.8,3D Validated,Nothing Detected,22,3.28,3.6,25F
21759,2023-10-22 14:00:39,2023-10-24 10:05:47,Iridium,36.96624,-122.09217,26,2.4,3D Validated,Nothing Detected,21,3.28,3.6,25F
21759,2023-10-22 10:00:39,2023-10-22 10:05:22,Iridium,36.96383,-122.09621,22,2.4,3D Validated,Nothing Detected,19,3.28,3.6,25F
21759,2023-10-22 06:00:37,2023-10-22 10:05:22,Iridium,36.98545,-122.10882,177,1.8,3D Validated,Nothing Detected,20,3.28,3.6,25F
21759,2023-10-22 02:01:24,2023-10-22 10:05:22,Iridium,37.00203,-122.10090,191,4.6,3D Validated,Nothing Detected,22,3.28,3.6,25F
21759,2023-10-21 22:03:00,2023-10-22 10:05:22,Iridium,37.00336,-122.10173,301,6.6,3D,Nothing Detected,25,3.28,3.6,25F
21759,2023-10-21 18:02:24,2023-10-22 10:05:30,Iridium,37.00337,-122.10158,276,7,3D Validated,Nothing Detected,21,3.28,3.6,25F
21759,2023-10-21 10:00:39,2023-10-22 10:05:30,Iridium,37.00343,-122.10164,200,6.4,3D Validated,Nothing Detected,16,3.28,3.6,25F
21759,2023-10-21 06:01:11,2023-10-22 10:05:30,Iridium,37.00324,-122.10229,55,5.4,3D Validated,Nothing Detected,21,3.28,3.6,25F
21759,2023-10-21 02:02:59,2023-10-22 10:05:30,Iridium,37.00335,-122.10181,223,6.4,3D Validated,Nothing Detected,21,3.28,3.6,25F
21759,2023-10-20 22:01:36,2023-10-22 10:05:39,Iridium,37.00325,-122.10172,184,4.6,3D Validated,Nothing Detected,24,3.28,3.6,25F
21759,2023-10-20 18:01:38,2023-10-22 10:05:39,Iridium,37.00341,-122.10197,183,6.8,3D Validated,Nothing Detected,25,3.28,3.6,25F
21759,2023-10-20 14:00:56,2023-10-22 10:05:39,Iridium,37.00349,-122.10193,211,5.2,3D Validated,Nothing Detected,22,3.28,3.6,25F
21759,2023-10-20 10:02:08,2023-10-22 10:05:39,Iridium,37.00340,-122.10166,208,6.6,3D Validated,Nothing Detected,22,3.28,3.6,25F
21759,2023-10-20 06:00:37,2023-10-22 10:05:47,Iridium,37.00337,-122.10200,226,3.6,3D Validated,Nothing Detected,19,3.36,3.6,25F
21759,2023-10-20 02:02:06,2023-10-22 10:05:47,Iridium,37.00338,-122.10170,218,2.2,3D Validated,Nothing Detected,25,3.28,3.6,25F
21759,2023-10-19 22:01:40,2023-10-22 10:05:47,Iridium,37.00361,-122.10191,328,3.6,3D Validated,Nothing Detected,28,3.28,3.6,25F
21759,2023-10-19 18:00:58,2023-10-22 10:05:47,Iridium,37.00334,-122.10209,230,5,3D Validated,Nothing Detected,29,3.36,3.6,25F
21759,2023-10-19 14:01:56,2023-10-22 10:05:58,Iridium,36.99910,-122.11214,197,4.2,3D Validated,Nothing Detected,28,3.28,3.6,25F
21759,2023-10-19 10:01:08,2023-10-22 10:05:58,Iridium,37.00048,-122.11259,202,3.2,3D Validated,Nothing Detected,27,3.28,3.6,25F
21759,2023-10-19 06:00:39,2023-10-22 10:05:58,Iridium,37.00036,-122.11245,214,3.8,3D Validated,Nothing Detected,26,3.28,3.6,25F
21759,2023-10-18 22:02:32,2023-10-22 10:05:58,Iridium,36.98926,-122.11458,157,3.8,3D Validated,Nothing Detected,32,3.28,3.6,25F
21759,2023-10-18 18:01:02,2023-10-22 10:06:06,Iridium,36.99469,-122.11623,191,6.8,3D Validated,Nothing Detected,32,3.28,3.6,25F
21759,2023-10-18 14:00:39,2023-10-22 10:06:06,Iridium,36.99472,-122.11633,197,2,3D Validated,Nothing Detected,23,3.36,3.6,25F
21759,2023-10-18 10:00:39,2023-10-18 10:05:22,Iridium,36.97881,-122.12678,81,2,3D Validated,Nothing Detected,17,3.28,3.6,25F
21759,2023-10-18 02:00:39,2023-10-18 10:05:22,Iridium,36.99264,-122.08066,217,1.8,3D Validated,Nothing Detected,24,3.28,3.6,25F
21759,2023-10-17 22:00:39,2023-10-18 10:05:22,Iridium,36.99366,-122.08318,221,2.8,3D Validated,Nothing Detected,30,3.28,3.6,25F
21759,2023-10-17 18:00:39,2023-10-18 10:05:32,Iridium,36.99393,-122.08286,221,5.8,3D Validated,Nothing Detected,31,3.28,3.6,25F
21759,2023-10-17 14:00:39,2023-10-17 14:05:25,Iridium,36.99447,-122.08155,217,4.4,3D Validated,Nothing Detected,18,3.36,3.6,25F
21759,2023-10-17 10:00:56,2023-10-17 14:05:25,Iridium,36.99638,-122.07910,232,4.6,3D Validated,Nothing Detected,19,3.28,3.6,25F
21759,2023-10-17 06:01:33,2023-10-17 14:05:25,Iridium,36.97808,-122.06543,96,3.4,3D Validated,Nothing Detected,19,3.28,3.6,25F
21759,2023-10-17 02:00:39,2023-10-17 14:05:25,Iridium,36.95621,-122.07848,8,1.6,3D Validated,Nothing Detected,21,3.28,3.6,25F
21759,2023-10-16 22:00:39,2023-10-18 10:05:32,Iridium,36.95547,-122.07752,14,2.8,3D Validated,Nothing Detected,29,3.28,3.6,25F
21759,2023-10-16 18:00:39,2023-10-18 10:05:32,Iridium,36.95555,-122.07764,9,1.8,3D Validated,Nothing Detected,38,3.36,3.6,25F
21759,2023-10-16 14:00:39,2023-10-16 14:06:08,Iridium,36.95497,-122.07745,1,1.8,3D Validated,Nothing Detected,18,3.28,3.6,25F
21759,2023-10-16 10:00:39,2023-10-16 10:05:21,Iridium,36.95877,-122.07687,14,5.2,3D Validated,Nothing Detected,20,3.28,3.6,25F
21759,2023-10-16 06:00:39,2023-10-16 10:05:21,Iridium,36.96230,-122.09160,12,2.6,3D Validated,Nothing Detected,20,3.28,3.6,25F
21759,2023-10-16 02:00:39,2023-10-16 10:05:21,Iridium,36.97008,-122.09755,61,3.4,3D Validated,Nothing Detected,21,3.28,3.6,25F
21759,2023-10-15 22:00:39,2023-10-16 10:05:21,Iridium,36.96710,-122.09634,65,2,3D Validated,Nothing Detected,33,3.36,3.6,25F
21759,2023-10-15 18:01:02,2023-10-16 10:05:31,Iridium,36.96981,-122.09844,12,7.2,3D Validated,Nothing Detected,25,3.28,3.6,25F
21759,2023-10-15 14:00:39,2023-10-16 10:05:31,Iridium,36.96651,-122.09766,49,2.4,3D Validated,Nothing Detected,19,3.36,3.6,25F
21759,2023-10-15 10:00:39,2023-10-15 10:05:23,Iridium,36.96272,-122.09016,15,2.8,3D Validated,Nothing Detected,21,3.28,3.6,25F
21759,2023-10-15 06:00:37,2023-10-15 10:05:23,Iridium,36.98255,-122.07534,145,2.8,3D Validated,Nothing Detected,19,3.28,3.6,25F
21759,2023-10-14 22:01:17,2023-10-15 10:05:23,Iridium,37.01358,-122.08007,343,10,3D Validated,Nothing Detected,24,3.28,3.6,25F
21759,2023-10-14 18:01:08,2023-10-15 10:06:10,Iridium,37.01356,-122.08011,320,2.6,3D Validated,Nothing Detected,22,3.36,3.6,25F
21759,2023-10-14 14:01:38,2023-10-14 14:05:44,Iridium,37.01275,-122.07845,326,2,3D Validated,Nothing Detected,21,3.28,3.6,25F
21759,2023-10-14 10:00:56,2023-10-14 14:05:44,Iridium,37.01240,-122.07733,316,6.2,3D Validated,Nothing Detected,19,3.36,3.6,25F
21759,2023-10-14 06:03:00,2023-10-14 14:05:44,Iridium,37.01273,-122.07839,329,14.4,3D,Nothing Detected,23,3.28,3.6,25F
21759,2023-10-13 22:01:26,2023-10-14 14:06:00,Iridium,37.01240,-122.08742,314,2.8,3D Validated,Nothing Detected,26,3.28,3.6,25F
21759,2023-10-13 18:00:39,2023-10-14 14:06:00,Iridium,37.01330,-122.09827,332,4.2,3D Validated,Nothing Detected,27,3.36,3.6,25F
21759,2023-10-13 10:01:56,2023-10-13 10:05:37,Iridium,37.01067,-122.10117,167,8.2,3D Validated,Nothing Detected,20,3.28,3.6,25F
21759,2023-10-13 06:01:10,2023-10-13 10:05:37,Iridium,37.00191,-122.09864,224,3,3D Validated,Nothing Detected,18,3.28,3.6,25F
21759,2023-10-13 02:00:39,2023-10-13 10:05:37,Iridium,37.00837,-122.11293,238,8.2,3D Validated,Nothing Detected,21,3.28,3.6,25F
21759,2023-10-12 22:01:17,2023-10-13 10:05:37,Iridium,37.00294,-122.11706,242,3,3D Validated,Nothing Detected,25,3.28,3.6,25F
21759,2023-10-12 18:00:39,2023-10-14 14:06:00,Iridium,36.99649,-122.11771,203,3.8,3D Validated,Nothing Detected,26,3.28,3.6,25F
21759,2023-10-12 10:00:39,2023-10-14 14:06:25,Iridium,36.97504,-122.10355,101,3.8,3D Validated,Nothing Detected,19,3.28,3.6,25F
21759,2023-10-12 06:00:37,2023-10-14 14:06:25,Iridium,36.96347,-122.08652,27,1.8,3D Validated,Nothing Detected,17,3.28,3.6,25F
21759,2023-10-12 02:00:37,2023-10-14 14:06:25,Iridium,36.96785,-122.06020,64,1.6,3D Validated,Nothing Detected,20,3.28,3.6,25F
21759,2023-10-11 22:00:37,2023-10-14 14:06:25,Iridium,36.96585,-122.06188,56,3.4,3D Validated,Nothing Detected,27,3.36,3.6,25F
21759,2023-10-11 14:01:08,2023-10-11 14:05:54,Iridium,36.96654,-122.06429,42,3.4,3D Validated,Nothing Detected,18,3.28,3.6,25F
21759,2023-10-11 10:02:57,2023-10-11 10:05:26,Iridium,36.97157,-122.06065,54,6.6,3D Validated,Nothing Detected,19,3.28,3.6,25F
21759,2023-10-11 06:00:39,2023-10-11 10:05:26,Iridium,36.97748,-122.06521,104,1.8,3D Validated,Nothing Detected,19,3.28,3.6,25F
21759,2023-10-11 02:03:00,2023-10-11 10:05:26,Iridium,36.97651,-122.08521,115,17,3D,Nothing Detected,24,3.28,3.6,25F
21759,2023-10-10 22:01:02,2023-10-11 10:05:26,Iridium,36.97528,-122.09077,99,3.2,3D Validated,Nothing Detected,27,3.28,3.6,25F
21759,2023-10-10 18:00:39,2023-10-11 10:05:46,Iridium,36.96826,-122.09401,58,4,3D Validated,Nothing Detected,22,3.28,3.6,25F
21759,2023-10-10 10:00:39,2023-10-10 10:05:20,Iridium,36.96577,-122.09473,42,2,3D Validated,Nothing Detected,22,3.28,3.6,25F
21759,2023-10-10 06:00:39,2023-10-10 10:05:20,Iridium,36.97113,-122.10274,66,2.2,3D Validated,Nothing Detected,21,3.36,3.6,25F
21759,2023-10-10 02:00:39,2023-10-10 10:05:20,Iridium,36.96548,-122.09116,31,2.2,3D Validated,Nothing Detected,24,3.28,3.6,25F
21759,2023-10-09 22:00:39,2023-10-10 10:05:20,Iridium,36.96820,-122.09007,70,4.2,3D Validated,Nothing Detected,25,3.36,3.6,25F
21759,2023-10-09 18:00:39,2023-10-10 10:05:29,Iridium,36.96906,-122.08987,78,2.2,3D Validated,Nothing Detected,25,3.28,3.6,25F
21759,2023-10-09 14:00:39,2023-10-10 10:05:29,Iridium,36.97536,-122.09096,71,3.6,3D Validated,Nothing Detected,22,3.28,3.6,25F
21759,2023-10-09 10:00:39,2023-10-09 10:05:22,Iridium,36.96990,-122.09358,55,1.6,3D Validated,Nothing Detected,22,3.36,3.6,25F
21759,2023-10-09 06:00:39,2023-10-09 10:05:22,Iridium,36.98800,-122.10019,180,2.4,3D Validated,Nothing Detected,21,3.28,3.6,25F
21759,2023-10-09 02:00:39,2023-10-09 10:05:22,Iridium,36.99537,-122.10387,161,3.8,3D Validated,Nothing Detected,23,3.36,3.6,25F
21759,2023-10-08 22:00:38,2023-10-09 10:05:22,Iridium,36.99897,-122.10037,235,3.6,3D Validated,Nothing Detected,28,3.36,3.6,25F
21759,2023-10-08 18:01:26,2023-10-09 10:05:30,Iridium,37.00143,-122.09802,252,4,3D Validated,Nothing Detected,30,3.28,3.6,25F
21759,2023-10-08 14:01:02,2023-10-09 10:05:30,Iridium,37.00854,-122.09084,364,4.6,3D Validated,Nothing Detected,24,3.28,3.6,25F
21759,2023-10-08 10:00:57,2023-10-09 10:05:30,Iridium,37.00112,-122.08493,261,2.2,3D Validated,Nothing Detected,25,3.28,3.6,25F
21759,2023-10-08 06:00:37,2023-10-09 10:05:30,Iridium,36.98939,-122.08144,185,2.2,3D Validated,Nothing Detected,20,3.28,3.6,25F
21759,2023-10-08 02:00:38,2023-10-10 10:05:29,Iridium,36.97660,-122.07332,154,7.4,3D Validated,Nothing Detected,28,3.36,3.6,25F
21759,2023-10-07 10:01:32,2023-10-07 14:05:23,Iridium,36.97353,-122.06835,106,2.4,3D Validated,Nothing Detected,26,3.28,3.6,25F
21759,2023-10-07 02:00:57,2023-10-07 14:05:23,Iridium,36.96882,-122.08743,67,2.6,3D Validated,Nothing Detected,29,3.36,3.6,25F
21759,2023-10-06 22:00:39,2023-10-07 14:05:33,Iridium,36.96866,-122.08570,75,4.8,3D Validated,Nothing Detected,36,3.36,3.6,25F
21759,2023-10-06 18:00:39,2023-10-07 14:05:33,Iridium,36.96875,-122.08530,58,2,3D Validated,Nothing Detected,34,3.36,3.6,25F
21759,2023-10-06 14:00:39,2023-10-06 14:06:36,Iridium,36.96872,-122.08520,42,4.2,3D Validated,Nothing Detected,22,3.28,3.6,25F
21759,2023-10-06 10:01:02,2023-10-06 14:06:36,Iridium,36.97224,-122.08952,49,4.8,3D Validated,Nothing Detected,23,3.28,3.6,25F
21759,2023-10-06 06:00:39,2023-10-06 14:06:36,Iridium,36.97240,-122.08935,49,2.8,3D Validated,Nothing Detected,24,3.36,3.6,25F
21759,2023-10-06 02:00:39,2023-10-06 14:06:36,Iridium,36.97234,-122.08935,64,2.4,3D Validated,Nothing Detected,29,3.36,3.6,25F
21759,2023-10-05 22:01:08,2023-10-07 14:05:33,Iridium,36.97250,-122.08943,80,2.6,3D Validated,Nothing Detected,35,3.36,3.6,25F
21759,2023-10-05 18:01:10,2023-10-07 14:05:33,Iridium,36.97263,-122.08946,72,3.4,3D Validated,Nothing Detected,27,3.28,3.6,25F
21759,2023-10-05 14:02:08,2023-10-05 14:05:40,Iridium,36.97237,-122.08936,73,3.8,3D Validated,Nothing Detected,22,3.28,3.6,25F
21759,2023-10-05 10:01:02,2023-10-05 14:05:40,Iridium,36.97250,-122.08934,27,3.6,3D Validated,Nothing Detected,22,3.28,3.6,25F
21759,2023-10-05 06:00:39,2023-10-05 14:05:40,Iridium,36.97253,-122.08938,32,3.8,3D Validated,Nothing Detected,22,3.28,3.6,25F
21759,2023-10-05 02:00:39,2023-10-05 14:05:40,Iridium,36.97226,-122.08955,39,2.6,3D Validated,Nothing Detected,26,3.36,3.6,25F
21759,2023-10-04 22:01:08,2023-10-05 14:05:50,Iridium,36.97257,-122.08945,70,1.8,3D Validated,Nothing Detected,29,3.28,3.6,25F
21759,2023-10-04 18:00:58,2023-10-05 14:05:50,Iridium,36.97240,-122.08972,125,3.6,3D Validated,Nothing Detected,27,3.28,3.6,25F
21759,2023-10-04 14:00:39,2023-10-05 14:05:50,Iridium,36.97241,-122.08933,54,3,3D Validated,Nothing Detected,18,3.36,3.6,25F
21759,2023-10-04 10:01:08,2023-10-04 10:05:29,Iridium,36.97243,-122.08925,41,4.4,3D Validated,Nothing Detected,21,3.28,3.6,25F
21759,2023-10-04 06:00:38,2023-10-04 10:05:29,Iridium,36.97257,-122.08944,24,4.6,3D Validated,Nothing Detected,20,3.36,3.6,25F
21759,2023-10-04 02:01:10,2023-10-04 10:05:29,Iridium,36.97266,-122.08938,60,5.6,3D Validated,Nothing Detected,24,3.28,3.6,25F
21759,2023-10-03 22:00:56,2023-10-04 10:05:29,Iridium,36.97241,-122.08936,77,2.8,3D Validated,Nothing Detected,27,3.28,3.6,25F
21759,2023-10-03 18:00:56,2023-10-05 14:05:50,Iridium,36.97246,-122.08912,76,3.2,3D Validated,Nothing Detected,25,3.28,3.6,25F
21759,2023-10-03 14:01:02,2023-10-05 14:05:59,Iridium,36.97250,-122.08954,43,2.4,3D Validated,Nothing Detected,18,3.28,3.6,25F
21759,2023-10-03 06:00:37,2023-10-05 14:05:59,Iridium,36.97242,-122.08940,60,3.8,3D Validated,Nothing Detected,20,3.28,3.6,25F
21759,2023-10-03 02:00:37,2023-10-05 14:05:59,Iridium,36.97247,-122.08933,29,3.2,3D Validated,Nothing Detected,23,3.28,3.6,25F
21759,2023-10-02 22:02:36,2023-10-05 14:06:06,Iridium,36.97253,-122.08944,39,2.6,3D Validated,Nothing Detected,25,3.28,3.6,25F
21759,2023-10-02 18:01:19,2023-10-05 14:06:06,Iridium,36.97250,-122.08931,74,3.2,3D Validated,Nothing Detected,23,3.28,3.6,25F
21759,2023-10-02 14:01:34,2023-10-05 14:06:06,Iridium,36.97251,-122.08942,56,2.6,3D Validated,Nothing Detected,21,3.28,3.6,25F
21759,2023-10-02 10:00:39,2023-10-05 14:06:06,Iridium,36.97241,-122.08957,53,2.4,3D Validated,Nothing Detected,21,3.28,3.6,25F
21759,2023-10-02 06:01:06,2023-10-05 14:06:15,Iridium,36.97241,-122.08946,60,3.8,3D Validated,Nothing Detected,21,3.28,3.6,25F
21759,2023-10-02 02:01:07,2023-10-05 14:06:15,Iridium,36.97247,-122.08938,45,3,3D Validated,Nothing Detected,24,3.28,3.6,25F
21759,2023-10-01 14:01:38,2023-10-05 14:06:15,Iridium,36.97250,-122.08946,44,3.2,3D Validated,Nothing Detected,20,3.28,3.6,25F
21759,2023-10-01 10:01:10,2023-10-05 14:06:30,Iridium,36.97246,-122.08955,47,2,3D Validated,Nothing Detected,24,3.28,3.6,25F
21759,2023-10-01 06:01:08,2023-10-05 14:06:30,Iridium,36.97222,-122.08946,58,5.8,3D Validated,Nothing Detected,21,3.28,3.6,25F
21759,2023-10-01 02:01:24,2023-10-05 14:06:30,Iridium,36.97252,-122.08944,61,3.8,3D Validated,Nothing Detected,23,3.28,3.6,25F
21759,2023-09-30 18:01:08,2023-10-05 14:06:42,Iridium,36.97228,-122.08958,60,2.8,3D Validated,Nothing Detected,23,3.28,3.6,25F
21759,2023-09-30 10:01:33,2023-10-05 14:06:42,Iridium,36.97255,-122.08937,53,3.6,3D Validated,Nothing Detected,24,3.28,3.6,25F
21759,2023-09-30 06:00:39,2023-10-05 14:06:42,Iridium,36.97222,-122.08958,46,5.8,3D Validated,Nothing Detected,21,3.28,3.6,25F
21759,2023-09-30 02:00:37,2023-10-05 14:06:49,Iridium,36.97213,-122.08965,53,3,3D Validated,Nothing Detected,24,3.36,3.6,25F
21759,2023-09-29 18:01:40,2023-10-05 14:06:49,Iridium,36.97228,-122.08950,63,2.6,3D Validated,Nothing Detected,24,3.28,3.6,25F
21759,2023-09-29 14:01:40,2023-10-05 14:06:49,Iridium,36.97255,-122.08939,49,3.2,3D Validated,Nothing Detected,19,3.28,3.6,25F
21759,2023-09-29 10:01:09,2023-10-05 14:06:49,Iridium,36.97286,-122.08931,75,3.4,3D Validated,Nothing Detected,20,3.28,3.6,25F
21759,2023-09-29 06:01:09,2023-10-07 14:05:43,Iridium,36.97263,-122.08939,52,6,3D Validated,Nothing Detected,24,3.28,3.6,25F
21759,2023-09-29 02:00:39,2023-10-07 14:05:43,Iridium,36.97220,-122.08960,64,4,3D Validated,Nothing Detected,24,3.36,3.6,25F
21759,2023-09-28 22:01:20,2023-10-07 14:05:43,Iridium,36.97251,-122.08945,0,5,3D Validated,Nothing Detected,26,3.28,3.6,25F
21759,2023-09-28 18:00:39,2023-10-07 14:05:43,Iridium,36.97140,-122.09052,50,2.2,3D Validated,Nothing Detected,22,3.36,3.6,25F
21759,2023-09-28 14:01:08,2023-10-07 14:05:51,Iridium,36.97260,-122.08942,58,3.6,3D Validated,Nothing Detected,19,3.28,3.6,25F
21759,2023-09-28 10:01:08,2023-10-07 14:05:51,Iridium,36.97224,-122.08961,45,2.6,3D Validated,Nothing Detected,19,3.28,3.6,25F
21759,2023-09-28 02:00:56,2023-10-07 14:05:51,Iridium,36.97226,-122.08953,76,2.4,3D Validated,Nothing Detected,25,3.28,3.6,25F
21759,2023-09-27 22:01:56,2023-10-07 14:06:01,Iridium,36.97236,-122.08946,55,5.8,3D Validated,Nothing Detected,26,3.28,3.6,25F
21759,2023-09-27 18:00:39,2023-10-07 14:06:01,Iridium,36.97233,-122.08948,72,3,3D Validated,Nothing Detected,22,3.28,3.6,25F
21759,2023-09-27 14:02:02,2023-10-07 14:06:01,Iridium,36.97263,-122.08933,75,3.8,3D Validated,Nothing Detected,20,3.28,3.6,25F
21759,2023-09-27 10:00:39,2023-10-07 14:06:01,Iridium,36.97222,-122.08960,42,2.2,3D Validated,Nothing Detected,20,3.36,3.6,25F
21759,2023-09-27 06:00:39,2023-10-07 14:06:12,Iridium,36.97272,-122.08941,41,6.6,3D Validated,Nothing Detected,18,3.28,3.6,25F
21759,2023-09-26 22:00:39,2023-10-07 14:06:12,Iridium,36.97224,-122.08947,62,2.8,3D Validated,Nothing Detected,25,3.36,3.6,25F
21759,2023-09-26 18:01:08,2023-10-07 14:06:12,Iridium,36.97236,-122.08951,65,2.6,3D Validated,Nothing Detected,21,3.28,3.6,25F
21759,2023-09-26 14:01:02,2023-10-07 14:06:48,Iridium,36.97260,-122.08939,88,3.8,3D Validated,Nothing Detected,22,3.28,3.6,25F
21759,2023-09-26 10:01:34,2023-10-07 14:06:48,Iridium,36.97253,-122.08942,58,9.8,3D Validated,Nothing Detected,22,3.28,3.6,25F
21759,2023-09-26 02:00:39,2023-10-07 14:06:48,Iridium,36.97836,-122.12651,84,1.6,3D Validated,Nothing Detected,23,3.36,3.6,25F
21759,2023-09-25 18:01:02,2023-10-07 14:06:48,Iridium,36.98117,-122.12824,93,2.2,3D Validated,Nothing Detected,25,3.28,3.6,25F
21759,2023-09-25 14:00:39,2023-09-25 14:06:03,Iridium,36.98856,-122.11666,170,2.6,3D Validated,Nothing Detected,21,3.28,3.6,25F
21759,2023-09-25 10:00:39,2023-09-25 10:05:44,Iridium,36.99770,-122.11500,217,3.2,3D Validated,Nothing Detected,19,3.28,3.6,25F
21759,2023-09-25 06:01:02,2023-09-25 10:05:44,Iridium,37.00060,-122.10796,231,7.2,3D Validated,Nothing Detected,20,3.28,3.6,25F
21759,2023-09-25 02:01:10,2023-09-25 10:05:44,Iridium,37.01004,-122.10075,250,4.2,3D Validated,Nothing Detected,24,3.28,3.6,25F
21759,2023-09-24 22:01:05,2023-09-25 10:05:44,Iridium,37.01038,-122.09860,270,3.4,3D Validated,Nothing Detected,24,3.28,3.6,25F
21759,2023-09-24 18:00:39,2023-09-25 14:06:03,Iridium,37.00615,-122.09295,261,3.8,3D Validated,Nothing Detected,20,3.36,3.6,25F
21759,2023-09-24 14:00:39,2023-09-25 14:06:03,Iridium,37.00530,-122.08679,294,3,3D Validated,Nothing Detected,21,3.28,3.6,25F
21759,2023-09-24 10:01:08,2023-09-25 14:06:03,Iridium,37.00520,-122.08656,275,2.2,3D Validated,Nothing Detected,19,3.28,3.6,25F
21759,2023-09-24 06:00:39,2023-10-07 14:07:05,Iridium,36.98614,-122.07809,144,2.4,3D Validated,Nothing Detected,16,3.28,3.6,25F
21759,2023-09-23 22:00:39,2023-10-07 14:07:05,Iridium,36.97567,-122.06818,99,1.8,3D Validated,Nothing Detected,25,3.28,3.6,25F
21759,2023-09-23 18:00:39,2023-10-07 14:07:05,Iridium,36.97647,-122.06625,84,2,3D Validated,Nothing Detected,23,3.36,3.6,25F
21759,2023-09-23 14:01:08,2023-09-23 14:05:57,Iridium,36.97645,-122.06613,100,2.8,3D Validated,Nothing Detected,21,3.28,3.6,25F
21759,2023-09-23 10:02:02,2023-09-23 14:05:57,Iridium,36.96920,-122.06405,44,2.8,3D Validated,Nothing Detected,18,3.28,3.6,25F
21759,2023-09-23 06:00:39,2023-09-23 14:05:57,Iridium,36.95735,-122.07638,9,1.6,3D Validated,Nothing Detected,16,3.36,3.6,25F
21759,2023-09-23 02:01:08,2023-09-23 14:05:57,Iridium,36.95764,-122.07688,16,2.8,3D Validated,Nothing Detected,23,3.28,3.6,25F
21759,2023-09-22 22:01:04,2023-09-23 14:06:18,Iridium,36.95765,-122.07683,15,3.4,3D Validated,Nothing Detected,26,3.28,3.6,25F
21759,2023-09-22 18:01:33,2023-09-23 14:06:18,Iridium,36.95657,-122.07721,14,2.2,3D Validated,Nothing Detected,23,3.28,3.6,25F
21759,2023-09-22 14:00:39,2023-09-22 14:05:23,Iridium,36.95528,-122.07491,12,3.6,3D Validated,Nothing Detected,23,3.28,3.6,25F
21759,2023-09-22 10:01:06,2023-09-22 14:05:23,Iridium,36.95498,-122.07513,16,2,3D Validated,Nothing Detected,22,3.28,3.6,25F
21759,2023-09-22 06:00:39,2023-09-22 14:05:23,Iridium,36.95525,-122.07479,13,2.4,3D Validated,Nothing Detected,24,3.36,3.6,25F
21759,2023-09-22 02:00:56,2023-09-22 14:05:23,Iridium,36.95484,-122.07542,4,2,3D Validated,Nothing Detected,24,3.28,3.6,25F
21759,2023-09-21 22:01:26,2023-09-22 14:05:48,Iridium,36.95538,-122.07488,8,3.6,3D Validated,Nothing Detected,29,3.28,3.6,25F
21759,2023-09-21 18:01:38,2023-09-22 14:05:48,Iridium,36.95533,-122.07491,9,2.8,3D Validated,Nothing Detected,29,3.28,3.6,25F
21759,2023-09-21 14:00:39,2023-09-22 14:05:48,Iridium,36.95528,-122.07492,6,2.2,3D Validated,Nothing Detected,22,3.28,3.6,25F
21759,2023-09-21 10:02:05,2023-09-22 14:05:48,Iridium,36.95533,-122.07496,-1,3.6,3D Validated,Nothing Detected,23,3.28,3.6,25F
21759,2023-09-21 06:00:56,2023-09-22 14:05:59,Iridium,36.95501,-122.07518,8,7.8,3D Validated,Nothing Detected,23,3.28,3.6,25F
21759,2023-09-21 02:00:39,2023-09-22 14:05:59,Iridium,36.95530,-122.07489,9,2.8,3D Validated,Nothing Detected,22,3.36,3.6,25F
21759,2023-09-20 22:00:39,2023-09-22 14:05:59,Iridium,36.95531,-122.07491,14,3.2,3D Validated,Nothing Detected,24,3.36,3.6,25F
21759,2023-09-20 18:01:38,2023-09-22 14:05:59,Iridium,36.95540,-122.07491,28,5,3D Validated,Nothing Detected,24,3.28,3.6,25F
21759,2023-09-20 14:00:39,2023-09-22 14:06:15,Iridium,36.95588,-122.07406,17,2,3D Validated,Nothing Detected,23,3.28,3.6,25F
21759,2023-09-20 10:00:39,2023-09-20 10:05:21,Iridium,36.95777,-122.07745,14,1.6,3D Validated,Nothing Detected,21,3.28,3.6,25F
21759,2023-09-20 06:00:57,2023-09-20 10:05:21,Iridium,36.97368,-122.09922,50,2.2,3D Validated,Nothing Detected,23,3.28,3.6,25F
21759,2023-09-20 02:00:39,2023-09-20 10:05:21,Iridium,36.97751,-122.08826,127,3.6,3D Validated,Nothing Detected,23,3.28,3.6,25F
21759,2023-09-19 22:00:39,2023-09-20 10:05:21,Iridium,36.97584,-122.09307,100,4,3D Validated,Nothing Detected,32,3.36,3.6,25F
21759,2023-09-19 18:01:40,2023-09-20 10:05:28,Iridium,36.97087,-122.09162,50,4.4,3D Validated,Nothing Detected,25,3.28,3.6,25F
21759,2023-09-19 14:00:39,2023-09-19 14:05:24,Iridium,36.96469,-122.09575,44,2.2,3D Validated,Nothing Detected,17,3.36,3.6,25F
21759,2023-09-19 10:00:39,2023-09-19 14:05:24,Iridium,36.96529,-122.09521,50,2,3D Validated,Nothing Detected,17,3.28,3.6,25F
21759,2023-09-19 06:00:39,2023-09-19 14:05:24,Iridium,36.96348,-122.08652,33,1.8,3D Validated,Nothing Detected,18,3.28,3.6,25F
21759,2023-09-19 02:00:37,2023-09-19 14:05:24,Iridium,36.97183,-122.06638,50,7.4,3D Validated,Nothing Detected,26,3.36,3.6,25F
21759,2023-09-18 22:00:37,2023-09-19 14:05:36,Iridium,36.97025,-122.06531,63,2.6,3D Validated,Nothing Detected,28,3.28,3.6,25F
21759,2023-09-18 18:01:54,2023-09-19 14:05:36,Iridium,36.96751,-122.06329,51,7.2,3D Validated,Nothing Detected,24,3.28,3.6,25F
21759,2023-09-18 14:00:39,2023-09-19 14:05:36,Iridium,36.97066,-122.06024,42,5.4,3D Validated,Nothing Detected,22,3.28,3.6,25F
21759,2023-09-18 10:00:39,2023-09-18 10:06:15,Iridium,36.97203,-122.06147,50,2,3D Validated,Nothing Detected,20,3.28,3.6,25F
21759,2023-09-18 06:00:39,2023-09-18 10:06:15,Iridium,36.97695,-122.06756,86,3.4,3D Validated,Nothing Detected,20,3.36,3.6,25F
21759,2023-09-17 22:02:48,2023-09-18 10:06:15,Iridium,36.97696,-122.06765,84,4,3D Validated,Nothing Detected,23,3.28,3.6,25F
21759,2023-09-17 18:00:39,2023-09-19 14:05:43,Iridium,36.97511,-122.06776,114,2.2,3D Validated,Nothing Detected,27,3.28,3.6,25F
21759,2023-09-17 14:00:39,2023-09-19 14:05:56,Iridium,36.97578,-122.07359,102,4,3D Validated,Nothing Detected,20,3.28,3.6,25F
21759,2023-09-17 10:00:39,2023-09-17 10:05:48,Iridium,36.96349,-122.08729,35,1.8,3D Validated,Nothing Detected,24,3.28,3.6,25F
21759,2023-09-17 06:00:39,2023-09-17 10:05:48,Iridium,36.96662,-122.10187,66,1.6,3D Validated,Nothing Detected,23,3.28,3.6,25F
21759,2023-09-17 02:00:39,2023-09-17 10:05:48,Iridium,36.98511,-122.11222,180,1.6,3D Validated,Nothing Detected,23,3.28,3.6,25F
21759,2023-09-16 22:00:39,2023-09-17 10:05:48,Iridium,36.98369,-122.11781,167,2.6,3D Validated,Nothing Detected,30,3.36,3.6,25F
21759,2023-09-16 18:00:39,2023-09-19 14:05:56,Iridium,36.97996,-122.11991,98,4.2,3D Validated,Nothing Detected,25,3.36,3.6,25F
21759,2023-09-16 14:00:39,2023-09-16 14:05:24,Iridium,36.97752,-122.12017,84,2.2,3D Validated,Nothing Detected,23,3.28,3.6,25F
21759,2023-09-16 10:00:39,2023-09-16 14:05:24,Iridium,36.97039,-122.11024,23,2.6,3D Validated,Nothing Detected,24,3.28,3.6,25F
21759,2023-09-16 06:00:39,2023-09-16 14:05:24,Iridium,36.97577,-122.10364,114,3.6,3D Validated,Nothing Detected,22,3.36,3.6,25F
21759,2023-09-16 02:00:37,2023-09-16 14:05:24,Iridium,36.97030,-122.09869,52,4,3D Validated,Nothing Detected,23,3.36,3.6,25F
21759,2023-09-15 22:02:06,2023-09-16 14:05:32,Iridium,36.97024,-122.09842,47,3.4,3D Validated,Nothing Detected,26,3.28,3.6,25F
21759,2023-09-15 14:00:39,2023-09-16 14:05:32,Iridium,36.97031,-122.09866,34,4.6,3D Validated,Nothing Detected,24,3.28,3.6,25F
21759,2023-09-15 10:02:02,2023-09-16 14:05:32,Iridium,36.97024,-122.09879,48,3.4,3D Validated,Nothing Detected,22,3.28,3.6,25F
21759,2023-09-15 06:01:08,2023-09-16 14:05:42,Iridium,36.97032,-122.09868,36,4.4,3D Validated,Nothing Detected,23,3.28,3.6,25F
21759,2023-09-15 02:00:39,2023-09-16 14:05:42,Iridium,36.96589,-122.09857,28,2.6,3D Validated,Nothing Detected,24,3.28,3.6,25F
21759,2023-09-14 22:00:56,2023-09-16 14:05:42,Iridium,36.96719,-122.09737,32,2.4,3D Validated,Nothing Detected,27,3.36,3.6,25F
21759,2023-09-14 18:00:39,2023-09-16 14:05:42,Iridium,36.96687,-122.09628,62,2,3D Validated,Nothing Detected,23,3.28,3.6,25F
21759,2023-09-14 14:00:39,2023-09-16 14:05:49,Iridium,36.96450,-122.09573,45,2.4,3D Validated,Nothing Detected,21,3.28,3.6,25F
21759,2023-09-14 10:00:39,2023-09-14 10:05:21,Iridium,36.97018,-122.09457,57,2,3D Validated,Nothing Detected,21,3.28,3.6,25F
21759,2023-09-14 06:00:39,2023-09-14 10:05:21,Iridium,36.99015,-122.09834,209,4.4,3D Validated,Nothing Detected,20,3.28,3.6,25F
21759,2023-09-13 22:01:04,2023-09-14 10:05:21,Iridium,36.98954,-122.08462,193,6.4,3D Validated,Nothing Detected,25,3.28,3.6,25F
21759,2023-09-13 18:00:39,2023-09-14 10:05:31,Iridium,36.98412,-122.07776,167,4,3D Validated,Nothing Detected,23,3.36,3.6,25F
21759,2023-09-13 14:00:39,2023-09-13 14:05:26,Iridium,36.97356,-122.07858,90,1.6,3D Validated,Nothing Detected,22,3.28,3.6,25F
21759,2023-09-13 10:00:39,2023-09-13 10:05:47,Iridium,36.97181,-122.07519,100,2.4,3D Validated,Nothing Detected,21,3.28,3.6,25F
21759,2023-09-13 06:00:39,2023-09-13 10:05:47,Iridium,36.97284,-122.06240,79,2.8,3D Validated,Nothing Detected,22,3.36,3.6,25F
21759,2023-09-12 22:02:06,2023-09-13 10:05:47,Iridium,36.96843,-122.05978,36,6.2,3D Validated,Nothing Detected,41,3.28,3.6,25F
21759,2023-09-12 18:00:37,2023-09-13 10:05:47,Iridium,36.97044,-122.06121,67,3.8,3D Validated,Nothing Detected,23,3.36,3.6,25F
21759,2023-09-12 14:01:08,2023-09-13 10:06:04,Iridium,36.97160,-122.06186,73,2.4,3D Validated,Nothing Detected,23,3.28,3.6,25F
21759,2023-09-12 10:01:02,2023-09-12 10:05:20,Iridium,36.97293,-122.05936,57,2.4,3D Validated,Nothing Detected,24,3.28,3.6,25F
21759,2023-09-12 06:00:39,2023-09-12 10:05:20,Iridium,36.97095,-122.06155,72,1.6,3D Validated,Nothing Detected,23,3.36,3.6,25F
21759,2023-09-12 02:01:36,2023-09-12 10:05:20,Iridium,36.96668,-122.06431,37,3.2,3D Validated,Nothing Detected,24,3.28,3.6,25F
21759,2023-09-11 22:01:06,2023-09-12 10:05:20,Iridium,36.96610,-122.06310,40,5.4,3D Validated,Nothing Detected,29,3.36,3.6,25F
21759,2023-09-11 18:01:08,2023-09-12 10:05:30,Iridium,36.96611,-122.06309,37,3.4,3D Validated,Nothing Detected,27,3.28,3.6,25F
21759,2023-09-11 14:02:49,2023-09-12 10:05:30,Iridium,36.96590,-122.06317,23,6,3D Validated,Nothing Detected,19,3.28,3.6,25F
21759,2023-09-11 10:00:39,2023-09-12 10:05:30,Iridium,36.96523,-122.05999,58,3,3D Validated,Nothing Detected,19,3.36,3.6,25F
21759,2023-09-11 06:00:39,2023-09-12 10:05:30,Iridium,36.97642,-122.06578,94,2.2,3D Validated,Nothing Detected,18,3.28,3.6,25F
21759,2023-09-11 02:00:37,2023-09-12 10:05:38,Iridium,36.97474,-122.06792,106,1.8,3D Validated,Nothing Detected,24,3.36,3.6,25F
21759,2023-09-10 22:01:54,2023-09-12 10:05:38,Iridium,36.97360,-122.06838,108,4,3D Validated,Nothing Detected,28,3.36,3.6,25F
21759,2023-09-10 18:01:32,2023-09-12 10:05:38,Iridium,36.97364,-122.06827,88,4.4,3D Validated,Nothing Detected,30,3.28,3.6,25F
21759,2023-09-10 14:00:39,2023-09-12 10:05:38,Iridium,36.97269,-122.06907,89,2.6,3D Validated,Nothing Detected,22,3.28,3.6,25F
21759,2023-09-10 10:00:39,2023-09-12 10:05:56,Iridium,36.96646,-122.07819,66,3.6,3D Validated,Nothing Detected,21,3.28,3.6,25F
21759,2023-09-10 06:03:02,2023-09-12 10:05:56,Iridium,36.97216,-122.08457,40,11.4,3D,Nothing Detected,22,3.28,3.6,25F
21759,2023-09-09 22:03:00,2023-09-12 10:05:56,Iridium,36.97206,-122.08470,56,12.2,3D,Nothing Detected,28,3.28,3.6,25F
21759,2023-09-09 18:02:58,2023-09-13 10:06:04,Iridium,36.97207,-122.08456,0,10.6,3D,Nothing Detected,22,3.28,3.6,25F
21759,2023-09-09 14:02:32,2023-09-13 10:06:04,Iridium,36.97238,-122.08450,62,4.6,3D Validated,Nothing Detected,20,3.28,3.6,25F
21759,2023-09-09 10:00:58,2023-09-13 10:06:04,Iridium,36.97180,-122.08538,87,3,3D Validated,Nothing Detected,20,3.28,3.6,25F
21759,2023-09-09 06:00:39,2023-09-13 10:06:12,Iridium,36.97190,-122.08542,66,2.4,3D Validated,Nothing Detected,21,3.28,3.6,25F
21759,2023-09-09 02:00:39,2023-09-13 10:06:12,Iridium,36.97769,-122.10112,134,2,3D Validated,Nothing Detected,27,3.36,3.6,25F
21759,2023-09-08 22:00:56,2023-09-13 10:06:12,Iridium,36.97710,-122.10170,114,3.8,3D Validated,Nothing Detected,27,3.28,3.6,25F
21759,2023-09-08 18:00:39,2023-09-13 10:06:12,Iridium,36.97625,-122.10182,110,2.8,3D Validated,Nothing Detected,23,3.36,3.6,25F
21759,2023-09-08 14:00:39,2023-09-08 14:05:36,Iridium,36.97528,-122.10055,85,1.6,3D Validated,Nothing Detected,21,3.28,3.6,25F
21759,2023-09-08 10:00:39,2023-09-08 10:05:21,Iridium,36.97346,-122.09946,58,2.8,3D Validated,Nothing Detected,22,3.36,3.6,25F
21759,2023-09-08 06:00:39,2023-09-08 10:05:21,Iridium,36.97347,-122.09951,53,2.6,3D Validated,Nothing Detected,22,3.36,3.6,25F
21759,2023-09-08 02:00:39,2023-09-08 10:05:21,Iridium,36.96923,-122.09989,50,3.2,3D Validated,Nothing Detected,21,3.28,3.6,25F
21759,2023-09-07 22:01:10,2023-09-08 10:05:21,Iridium,36.96845,-122.09822,46,5.2,3D Validated,Nothing Detected,23,3.28,3.6,25F
21759,2023-09-07 18:00:39,2023-09-08 14:05:36,Iridium,36.96847,-122.09827,49,3,3D Validated,Nothing Detected,25,3.28,3.6,25F
21759,2023-09-07 14:00:39,2023-09-07 14:05:39,Iridium,36.96811,-122.09720,59,3.6,3D Validated,Nothing Detected,21,3.28,3.6,25F
21759,2023-09-07 10:00:39,2023-09-07 14:05:39,Iridium,36.96552,-122.09219,12,3.4,3D Validated,Nothing Detected,21,3.28,3.6,25F
21759,2023-09-07 06:00:39,2023-09-07 14:05:39,Iridium,36.96673,-122.09396,33,3,3D Validated,Nothing Detected,18,3.28,3.6,25F
21759,2023-09-06 22:00:37,2023-09-07 14:05:39,Iridium,36.96672,-122.09392,35,1.4,3D Validated,Nothing Detected,27,3.36,3.6,25F
21759,2023-09-06 18:00:37,2023-09-08 14:05:36,Iridium,36.96673,-122.09372,33,1.6,3D Validated,Nothing Detected,24,3.36,3.6,25F
21759,2023-09-06 14:00:37,2023-09-06 14:05:26,Iridium,36.96683,-122.09378,32,1.4,3D Validated,Nothing Detected,23,3.36,3.6,25F
21759,2023-09-06 06:00:39,2023-09-06 14:05:26,Iridium,36.96570,-122.09221,32,5.4,3D Validated,Nothing Detected,24,3.28,3.6,25F
21759,2023-09-06 02:01:56,2023-09-06 14:05:26,Iridium,36.96672,-122.09369,34,2.4,3D Validated,Nothing Detected,24,3.28,3.6,25F
21759,2023-09-05 22:00:37,2023-09-06 14:05:37,Iridium,36.96674,-122.09368,32,1.8,3D Validated,Nothing Detected,25,3.36,3.6,25F
21759,2023-09-05 18:02:30,2023-09-06 14:05:37,Iridium,36.96678,-122.09184,0,10,3D Validated,Nothing Detected,24,3.28,3.6,25F
21759,2023-09-05 14:01:08,2023-09-06 14:05:37,Iridium,36.96734,-122.09326,29,2.6,3D Validated,Nothing Detected,17,3.28,3.6,25F
21759,2023-09-05 10:00:39,2023-09-06 14:05:37,Iridium,36.96672,-122.09368,25,3.6,3D Validated,Nothing Detected,19,3.36,3.6,25F
21759,2023-09-05 06:00:39,2023-09-06 14:05:46,Iridium,36.96669,-122.09386,29,2.4,3D Validated,Nothing Detected,19,3.28,3.6,25F
21759,2023-09-05 02:00:39,2023-09-06 14:05:46,Iridium,36.96688,-122.09400,34,1.4,3D Validated,Nothing Detected,25,3.28,3.6,25F
21759,2023-09-04 22:00:56,2023-09-06 14:05:46,Iridium,36.96707,-122.09386,33,2.6,3D Validated,Nothing Detected,30,3.28,3.6,25F
21759,2023-09-04 18:00:39,2023-09-06 14:05:46,Iridium,36.96678,-122.09437,36,2.6,3D Validated,Nothing Detected,29,3.36,3.6,25F
21759,2023-09-04 14:00:39,2023-09-04 14:05:34,Iridium,36.96675,-122.09435,33,1.2,3D Validated,Nothing Detected,19,3.28,3.6,25F
21759,2023-09-04 10:00:39,2023-09-04 10:05:20,Iridium,36.96667,-122.09393,29,2.6,3D Validated,Nothing Detected,18,3.28,3.6,25F
21759,2023-09-04 06:00:39,2023-09-04 10:05:20,Iridium,36.96676,-122.09438,32,1.2,3D Validated,Nothing Detected,20,3.28,3.6,25F
21759,2023-09-04 02:03:02,2023-09-04 10:05:20,Iridium,36.96923,-122.09456,17,6.2,3D,Nothing Detected,24,3.28,3.6,25F
21759,2023-09-03 18:01:06,2023-09-04 10:05:30,Iridium,36.96738,-122.09326,0,8.4,3D Validated,Nothing Detected,24,3.28,3.6,25F
21759,2023-09-03 14:01:06,2023-09-04 10:05:30,Iridium,36.96730,-122.09319,29,3.2,3D Validated,Nothing Detected,23,3.28,3.6,25F
21759,2023-09-03 10:00:37,2023-09-03 10:05:52,Iridium,36.96684,-122.09443,40,3,3D Validated,Nothing Detected,24,3.36,3.6,25F
21759,2023-09-03 06:00:37,2023-09-03 10:05:52,Iridium,36.96691,-122.09444,34,3,3D Validated,Nothing Detected,24,3.36,3.6,25F
21759,2023-09-03 02:01:12,2023-09-03 10:05:52,Iridium,36.96896,-122.09452,54,2,3D Validated,Nothing Detected,25,3.28,3.6,25F
21759,2023-09-02 22:00:39,2023-09-03 10:05:52,Iridium,36.96883,-122.09411,36,8.2,3D Validated,Nothing Detected,25,3.28,3.6,25F
21759,2023-09-02 18:02:34,2023-09-04 10:05:30,Iridium,36.96882,-122.09419,44,8.4,3D Validated,Nothing Detected,24,3.28,3.6,25F
21759,2023-09-02 14:00:39,2023-09-02 14:05:26,Iridium,36.96670,-122.09438,33,1.8,3D Validated,Nothing Detected,23,3.36,3.6,25F
21759,2023-09-02 10:00:39,2023-09-02 10:05:21,Iridium,36.97496,-122.10219,87,3.4,3D Validated,Nothing Detected,21,3.28,3.6,25F
21759,2023-09-02 06:01:11,2023-09-02 10:05:21,Iridium,36.99600,-122.10171,192,4.8,3D Validated,Nothing Detected,21,3.28,3.6,25F
21759,2023-09-02 02:01:26,2023-09-02 10:05:21,Iridium,36.99616,-122.10171,224,5.2,3D Validated,Nothing Detected,21,3.28,3.6,25F
21759,2023-09-01 22:01:27,2023-09-02 10:05:21,Iridium,36.99611,-122.10164,191,8.2,3D Validated,Nothing Detected,24,3.28,3.6,25F
21759,2023-09-01 18:01:24,2023-09-02 10:05:34,Iridium,36.99472,-122.10057,180,3.2,3D Validated,Nothing Detected,23,3.28,3.6,25F
21759,2023-09-01 14:01:36,2023-09-02 10:05:34,Iridium,36.99471,-122.10053,182,4,3D Validated,Nothing Detected,21,3.28,3.6,25F
21759,2023-09-01 10:00:37,2023-09-02 10:05:34,Iridium,36.98918,-122.09545,155,3.6,3D Validated,Nothing Detected,21,3.36,3.6,25F
21759,2023-09-01 06:01:06,2023-09-02 10:05:34,Iridium,36.98517,-122.09126,141,2.8,3D Validated,Nothing Detected,23,3.28,3.6,25F
21759,2023-09-01 02:02:28,2023-09-02 14:05:26,Iridium,36.98530,-122.09147,142,7,3D Validated,Nothing Detected,22,3.28,3.6,25F
21759,2023-08-31 22:01:09,2023-09-02 14:05:26,Iridium,36.98510,-122.09106,115,4.6,3D Validated,Nothing Detected,24,3.28,3.6,25F
21759,2023-08-31 14:00:37,2023-08-31 14:06:43,Iridium,36.98507,-122.09141,146,3.2,3D Validated,Nothing Detected,22,3.28,3.6,25F
21759,2023-08-31 10:00:54,2023-08-31 14:06:43,Iridium,36.98506,-122.09126,147,5.8,3D Validated,Nothing Detected,18,3.28,3.6,25F
21759,2023-08-31 02:02:09,2023-08-31 14:06:43,Iridium,36.98323,-122.08836,9,5.6,3D Validated,Nothing Detected,28,3.28,3.6,25F
21759,2023-08-30 18:00:39,2023-09-02 14:05:37,Iridium,36.98575,-122.09096,172,4.6,3D Validated,Nothing Detected,27,3.28,3.6,25F
21759,2023-08-30 10:00:39,2023-09-02 14:05:37,Iridium,36.98514,-122.09154,200,3.8,3D Validated,Nothing Detected,20,3.28,3.6,25F
21759,2023-08-30 06:02:37,2023-09-02 14:05:47,Iridium,36.98491,-122.09120,153,3,3D Validated,Nothing Detected,22,3.28,3.6,25F
21759,2023-08-30 02:02:08,2023-09-02 14:05:47,Iridium,36.98285,-122.08621,94,5.6,3D Validated,Nothing Detected,26,3.28,3.6,25F
21759,2023-08-29 18:01:01,2023-09-02 14:05:47,Iridium,36.98668,-122.08601,122,2.6,3D Validated,Nothing Detected,25,3.28,3.6,25F
21759,2023-08-29 14:01:32,2023-09-02 14:05:59,Iridium,36.98683,-122.08601,129,2.2,3D Validated,Nothing Detected,21,3.28,3.6,25F
21759,2023-08-29 06:00:56,2023-09-02 14:05:59,Iridium,36.98202,-122.08845,107,2.4,3D Validated,Nothing Detected,22,3.28,3.6,25F
21759,2023-08-29 02:00:39,2023-09-02 14:05:59,Iridium,36.97576,-122.08384,98,2.8,3D Validated,Nothing Detected,26,3.36,3.6,25F
21759,2023-08-28 22:00:38,2023-09-02 14:05:59,Iridium,36.97570,-122.08426,90,4,3D Validated,Nothing Detected,32,3.36,3.6,25F
21759,2023-08-28 18:00:39,2023-09-02 14:06:07,Iridium,36.97560,-122.08329,102,3.4,3D Validated,Nothing Detected,33,3.36,3.6,25F
21759,2023-08-28 14:00:39,2023-09-02 14:06:07,Iridium,36.97562,-122.08324,89,6,3D Validated,Nothing Detected,18,3.36,3.6,25F
21759,2023-08-28 10:00:39,2023-09-02 14:06:07,Iridium,36.97563,-122.08326,82,2.4,3D Validated,Nothing Detected,22,3.36,3.6,25F
21759,2023-08-28 06:00:39,2023-09-02 14:06:07,Iridium,36.97916,-122.09407,157,1.4,3D Validated,Nothing Detected,22,3.36,3.6,25F
21759,2023-08-28 02:01:38,2023-09-04 10:05:30,Iridium,36.98024,-122.08659,77,3.8,3D Validated,Nothing Detected,27,3.28,3.6,25F
21759,2023-08-27 22:01:07,2023-09-04 10:05:37,Iridium,36.97935,-122.08488,78,2.8,3D Validated,Nothing Detected,29,3.36,3.6,25F
21759,2023-08-27 18:01:29,2023-09-04 10:05:37,Iridium,36.97980,-122.08485,72,5.4,3D Validated,Nothing Detected,24,3.28,3.6,25F
21759,2023-08-27 14:00:58,2023-08-27 14:05:22,Iridium,36.98361,-122.08482,155,3.2,3D Validated,Nothing Detected,21,3.28,3.6,25F
21759,2023-08-27 06:01:08,2023-08-27 10:05:25,Iridium,36.98165,-122.08853,114,4.6,3D Validated,Nothing Detected,22,3.28,3.6,25F
21759,2023-08-27 02:00:39,2023-08-27 10:05:25,Iridium,36.99195,-122.09506,202,2.2,3D Validated,Nothing Detected,24,3.36,3.6,25F
21759,2023-08-26 22:00:54,2023-08-27 10:05:25,Iridium,36.99326,-122.09657,216,10,3D Validated,Nothing Detected,30,3.36,3.6,25F
21759,2023-08-26 14:01:07,2023-08-26 14:06:12,Iridium,36.99368,-122.09869,230,3,3D Validated,Nothing Detected,23,3.28,3.6,25F
21759,2023-08-26 10:00:58,2023-08-26 14:06:12,Iridium,36.99712,-122.09621,222,3.8,3D Validated,Nothing Detected,23,3.28,3.6,25F
21759,2023-08-26 06:00:39,2023-08-26 14:06:12,Iridium,36.99501,-122.08064,224,1.6,3D Validated,Nothing Detected,21,3.28,3.6,25F
21759,2023-08-26 02:01:38,2023-08-26 14:06:12,Iridium,36.98567,-122.09164,177,4.2,3D Validated,Nothing Detected,25,3.28,3.6,25F
21759,2023-08-25 22:01:24,2023-08-26 14:06:52,Iridium,36.98375,-122.08795,172,5,3D Validated,Nothing Detected,27,3.36,3.6,25F
21759,2023-08-25 14:00:37,2023-08-26 14:06:52,Iridium,36.98888,-122.08843,180,2.8,3D Validated,Nothing Detected,22,3.28,3.6,25F
21759,2023-08-25 10:01:36,2023-08-25 10:06:55,Iridium,36.98000,-122.08635,63,5.6,3D Validated,Nothing Detected,22,3.28,3.6,25F
21759,2023-08-25 06:00:37,2023-08-25 10:06:55,Iridium,37.00141,-122.08926,269,1.8,3D Validated,Nothing Detected,22,3.28,3.6,25F
21759,2023-08-24 18:00:39,2023-08-25 10:06:55,Iridium,36.98299,-122.08746,143,4.8,3D Validated,Nothing Detected,21,3.36,3.6,25F
21759,2023-08-24 14:01:32,2023-08-25 10:07:06,Iridium,36.98581,-122.08921,181,5.8,3D Validated,Nothing Detected,23,3.28,3.6,25F
21759,2023-08-24 10:01:38,2023-08-24 10:05:21,Iridium,36.99139,-122.09865,182,3.4,3D Validated,Nothing Detected,22,3.28,3.6,25F
21759,2023-08-24 06:00:39,2023-08-24 10:05:21,Iridium,36.98642,-122.09460,160,1.6,3D Validated,Nothing Detected,23,3.36,3.6,25F
21759,2023-08-24 02:01:02,2023-08-24 10:05:21,Iridium,36.97968,-122.08656,107,4.6,3D Validated,Nothing Detected,26,3.28,3.6,25F
21759,2023-08-23 22:01:02,2023-08-24 10:05:21,Iridium,36.98510,-122.08850,135,10,3D Validated,Nothing Detected,33,3.36,3.6,25F
21759,2023-08-23 18:00:49,2023-08-24 10:05:29,Iridium,36.98454,-122.08814,157,4.4,3D Validated,Nothing Detected,29,3.36,3.6,25F
21759,2023-08-23 14:00:56,2023-08-24 10:05:29,Iridium,36.98591,-122.08897,152,5,3D Validated,Nothing Detected,21,3.28,3.6,25F
21759,2023-08-23 10:00:39,2023-08-23 10:05:27,Iridium,36.98103,-122.09121,134,2.2,3D Validated,Nothing Detected,21,3.36,3.6,25F
21759,2023-08-23 06:03:00,2023-08-23 10:05:27,Iridium,36.98873,-122.08640,176,12.4,3D,Nothing Detected,22,3.28,3.6,25F
21759,2023-08-23 02:01:08,2023-08-23 10:05:27,Iridium,36.97568,-122.08587,80,2.8,3D Validated,Nothing Detected,27,3.36,3.6,25F
21759,2023-08-22 22:03:00,2023-08-23 10:05:27,Iridium,36.98301,-122.08597,75,15.8,3D,Nothing Detected,28,3.28,3.6,25F
21759,2023-08-22 14:00:39,2023-08-23 10:05:38,Iridium,36.98595,-122.09177,156,6.4,3D Validated,Nothing Detected,23,3.28,3.6,25F
21759,2023-08-22 06:01:51,2023-08-23 10:05:38,Iridium,36.98511,-122.09098,161,8.8,3D Validated,Nothing Detected,24,3.28,3.6,25F
21759,2023-08-22 02:01:38,2023-08-23 10:05:38,Iridium,37.01112,-122.09435,301,3,3D Validated,Nothing Detected,23,3.28,3.6,25F
21759,2023-08-21 22:01:08,2023-08-24 10:05:29,Iridium,37.00852,-122.10297,192,9,3D Validated,Nothing Detected,24,3.28,3.6,25F
21759,2023-08-21 18:01:32,2023-08-24 10:05:29,Iridium,37.00280,-122.09538,266,2.2,3D Validated,Nothing Detected,23,3.28,3.6,25F
21759,2023-08-21 14:00:39,2023-08-21 14:05:27,Iridium,37.00418,-122.09417,246,2.4,3D Validated,Nothing Detected,22,3.28,3.6,25F
21759,2023-08-21 10:01:09,2023-08-21 10:05:20,Iridium,36.99815,-122.08713,240,5.4,3D Validated,Nothing Detected,22,3.28,3.6,25F
21759,2023-08-21 02:01:40,2023-08-21 10:05:20,Iridium,37.01047,-122.09485,276,5,3D Validated,Nothing Detected,30,3.28,3.6,25F
21759,2023-08-20 18:00:56,2023-08-21 10:05:41,Iridium,37.01195,-122.09604,394,5.2,3D Validated,Nothing Detected,25,3.28,3.6,25F
21759,2023-08-20 14:01:10,2023-08-21 10:05:41,Iridium,37.01231,-122.09602,305,5.8,3D Validated,Nothing Detected,21,3.28,3.6,25F
21759,2023-08-20 10:00:39,2023-08-21 10:05:41,Iridium,37.00567,-122.08546,303,3.6,3D Validated,Nothing Detected,22,3.36,3.6,25F
21759,2023-08-20 06:00:39,2023-08-21 10:05:41,Iridium,36.98901,-122.09749,164,2,3D Validated,Nothing Detected,22,3.28,3.6,25F
21759,2023-08-20 02:00:39,2023-08-21 10:05:52,Iridium,37.00628,-122.09470,249,4.8,3D Validated,Nothing Detected,25,3.36,3.6,25F
21759,2023-08-19 22:01:41,2023-08-21 10:05:52,Iridium,37.01049,-122.09488,333,7.8,3D Validated,Nothing Detected,29,3.28,3.6,25F
21759,2023-08-19 18:00:39,2023-08-21 10:05:52,Iridium,37.02210,-122.09461,295,3.6,3D Validated,Nothing Detected,22,3.36,3.6,25F
21759,2023-08-19 10:00:39,2023-08-21 10:05:52,Iridium,37.00077,-122.08262,256,2,3D Validated,Nothing Detected,20,3.28,3.6,25F
21759,2023-08-19 06:00:39,2023-08-21 14:05:27,Iridium,36.97810,-122.07593,107,1.6,3D Validated,Nothing Detected,20,3.36,3.6,25F
21759,2023-08-19 02:00:39,2023-08-21 14:05:27,Iridium,36.97046,-122.07722,69,4.4,3D Validated,Nothing Detected,24,3.28,3.6,25F
21759,2023-08-18 18:00:39,2023-08-24 10:05:37,Iridium,36.97377,-122.06704,63,2.6,3D Validated,Nothing Detected,25,3.36,3.6,25F
21759,2023-08-18 14:00:39,2023-08-24 10:05:37,Iridium,36.97375,-122.06773,89,5.6,3D Validated,Nothing Detected,24,3.28,3.6,25F
21759,2023-08-18 10:00:39,2023-08-24 10:05:37,Iridium,37.00751,-122.08445,291,3.4,3D Validated,Nothing Detected,21,3.28,3.6,25F
21759,2023-08-17 22:01:06,2023-08-24 10:06:12,Iridium,36.99577,-122.12502,155,6.4,3D Validated,Nothing Detected,24,3.28,3.6,25F
21759,2023-08-17 18:00:37,2023-08-24 10:06:12,Iridium,36.98811,-122.13066,91,2.4,3D Validated,Nothing Detected,23,3.36,3.6,25F
21759,2023-08-17 14:01:06,2023-08-24 10:06:12,Iridium,36.98811,-122.13063,78,5,3D Validated,Nothing Detected,21,3.28,3.6,25F
21759,2023-08-17 10:00:54,2023-08-24 10:06:21,Iridium,37.00648,-122.10799,246,2.6,3D Validated,Nothing Detected,21,3.28,3.6,25F
21759,2023-08-17 02:00:56,2023-08-24 10:06:21,Iridium,36.99689,-122.10637,146,2.2,3D Validated,Nothing Detected,26,3.28,3.6,25F
21759,2023-08-16 14:01:03,2023-08-24 10:06:30,Iridium,37.00619,-122.09312,252,2.6,3D Validated,Nothing Detected,22,3.28,3.6,25F
21759,2023-08-16 06:01:04,2023-08-24 10:06:30,Iridium,37.01181,-122.09246,265,2.4,3D Validated,Nothing Detected,24,3.28,3.6,25F
21759,2023-08-16 02:00:50,2023-08-24 10:06:38,Iridium,37.01675,-122.09190,246,3.2,3D Validated,Nothing Detected,26,3.28,3.6,25F
21759,2023-08-15 22:01:26,2023-08-24 10:06:38,Iridium,37.01886,-122.09547,321,5.8,3D Validated,Nothing Detected,29,3.28,3.6,25F
21759,2023-08-15 18:01:38,2023-08-24 10:06:38,Iridium,37.02014,-122.10009,272,5.2,3D Validated,Nothing Detected,26,3.28,3.6,25F
21759,2023-08-15 14:00:39,2023-08-24 10:06:38,Iridium,37.01352,-122.10113,273,4.2,3D Validated,Nothing Detected,21,3.28,3.6,25F
21759,2023-08-15 06:00:39,2023-08-24 10:06:48,Iridium,36.98029,-122.09783,163,1.8,3D Validated,Nothing Detected,21,3.28,3.6,25F
21759,2023-08-14 18:01:37,2023-08-24 10:06:48,Iridium,36.97022,-122.09866,41,6.8,3D,Nothing Detected,22,3.28,3.6,25F
21759,2023-08-14 10:00:37,2023-08-24 10:06:56,Iridium,36.97078,-122.09946,64,2,3D Validated,Nothing Detected,20,3.28,3.6,25F
21759,2023-08-14 06:01:06,2023-08-24 10:06:56,Iridium,36.97131,-122.08458,53,6,3D Validated,Nothing Detected,22,3.28,3.6,25F
21759,2023-08-13 22:02:36,2023-08-24 10:06:56,Iridium,36.98480,-122.08133,173,8.2,3D Validated,Nothing Detected,32,3.28,3.6,25F
21759,2023-08-13 18:00:39,2023-08-24 10:07:04,Iridium,36.98468,-122.08137,171,3,3D Validated,Nothing Detected,26,3.36,3.6,25F
21759,2023-08-13 14:01:02,2023-08-24 10:07:04,Iridium,36.98468,-122.08139,181,4.4,3D Validated,Nothing Detected,23,3.28,3.6,25F
21759,2023-08-13 02:01:02,2023-08-24 10:07:13,Iridium,36.99361,-122.07393,194,3,3D Validated,Nothing Detected,24,3.28,3.6,25F
21759,2023-08-12 22:02:02,2023-08-24 10:07:13,Iridium,36.99327,-122.07379,195,4.4,3D Validated,Nothing Detected,28,3.28,3.6,25F
21759,2023-08-12 18:00:37,2023-08-24 10:07:13,Iridium,36.99339,-122.07359,246,4.6,3D Validated,Nothing Detected,23,3.28,3.6,25F
21759,2023-08-12 14:01:06,2023-08-24 10:07:13,Iridium,36.99347,-122.07391,185,5,3D Validated,Nothing Detected,22,3.28,3.6,25F
21759,2023-08-12 10:01:08,2023-08-24 10:07:21,Iridium,36.99336,-122.07347,235,3.8,3D Validated,Nothing Detected,23,3.28,3.6,25F
21759,2023-08-12 02:01:00,2023-08-24 10:07:21,Iridium,36.99362,-122.07385,186,4.2,3D Validated,Nothing Detected,25,3.28,3.6,25F
21759,2023-08-11 22:02:00,2023-08-24 10:07:21,Iridium,36.99326,-122.07374,190,6.6,3D Validated,Nothing Detected,28,3.28,3.6,25F
21759,2023-08-11 18:00:39,2023-08-24 10:07:30,Iridium,36.99379,-122.07402,198,2.4,3D Validated,Nothing Detected,26,3.28,3.6,25F
21759,2023-08-11 14:00:39,2023-08-24 10:07:30,Iridium,36.99374,-122.07363,235,5.4,3D Validated,Nothing Detected,23,3.28,3.6,25F
21759,2023-08-11 06:01:10,2023-08-24 10:07:30,Iridium,36.99372,-122.07387,158,5.4,3D Validated,Nothing Detected,27,3.28,3.6,25F
21759,2023-08-11 02:01:02,2023-08-24 10:07:39,Iridium,36.99366,-122.07381,196,3,3D Validated,Nothing Detected,25,3.28,3.6,25F
21759,2023-08-10 22:02:45,2023-08-24 10:07:39,Iridium,36.99422,-122.07391,178,4.8,3D,Nothing Detected,24,3.28,3.6,25F
21759,2023-08-10 14:01:56,2023-08-24 10:07:39,Iridium,36.99409,-122.07368,193,5.2,3D Validated,Nothing Detected,21,3.28,3.6,25F
21759,2023-08-10 10:03:00,2023-08-24 10:07:39,Iridium,36.99349,-122.07384,195,2.6,3D Validated,Nothing Detected,21,3.28,3.6,25F
21759,2023-08-10 06:01:05,2023-08-24 10:07:48,Iridium,36.99364,-122.07377,173,2.8,3D Validated,Nothing Detected,21,3.28,3.6,25F
21759,2023-08-10 02:01:56,2023-08-24 10:07:48,Iridium,36.99414,-122.07381,169,5.2,3D,Nothing Detected,22,3.28,3.6,25F
21759,2023-08-09 14:01:12,2023-08-24 10:07:56,Iridium,36.99353,-122.07369,192,4,3D Validated,Nothing Detected,22,3.28,3.6,25F
21759,2023-08-09 10:00:39,2023-08-09 10:05:58,Iridium,36.99354,-122.07378,172,2.4,3D Validated,Nothing Detected,23,3.28,3.6,25F
21759,2023-08-09 02:01:08,2023-08-09 10:05:58,Iridium,36.99385,-122.07355,253,3.2,3D Validated,Nothing Detected,20,3.28,3.6,25F
21759,2023-08-08 22:02:43,2023-08-09 10:05:58,Iridium,36.99316,-122.07376,290,4.2,3D Validated,Nothing Detected,24,3.28,3.6,25F
21759,2023-08-08 18:01:39,2023-08-24 10:07:56,Iridium,36.99384,-122.07354,230,5.4,3D Validated,Nothing Detected,22,3.28,3.6,25F
21759,2023-08-08 14:01:29,2023-08-08 14:05:42,Iridium,36.99343,-122.07373,201,4.6,3D Validated,Nothing Detected,21,3.28,3.6,25F
21759,2023-08-08 10:00:39,2023-08-08 14:05:42,Iridium,36.99642,-122.07619,206,4.2,3D Validated,Nothing Detected,19,3.28,3.6,25F
21759,2023-08-08 06:00:39,2023-08-08 14:05:42,Iridium,37.01687,-122.08128,342,2.8,3D Validated,Nothing Detected,18,3.28,3.6,25F
21759,2023-08-07 22:01:26,2023-08-08 14:06:08,Iridium,37.02201,-122.09486,296,4.2,3D Validated,Nothing Detected,28,3.28,3.6,25F
21759,2023-08-07 18:00:37,2023-08-08 14:06:08,Iridium,37.01803,-122.09204,251,5.6,3D Validated,Nothing Detected,29,3.36,3.6,25F
21759,2023-08-07 14:01:24,2023-08-08 14:06:08,Iridium,37.01402,-122.09152,272,5,3D Validated,Nothing Detected,22,3.28,3.6,25F
21759,2023-08-07 10:00:56,2023-08-08 14:06:08,Iridium,37.01260,-122.10655,306,3.2,3D Validated,Nothing Detected,25,3.36,3.6,25F
21759,2023-08-07 06:00:37,2023-08-25 10:07:06,Iridium,37.00704,-122.11441,204,2,3D Validated,Nothing Detected,19,3.36,3.6,25F
21759,2023-08-07 02:00:37,2023-08-26 14:06:52,Iridium,36.99936,-122.11610,198,4.2,3D Validated,Nothing Detected,27,3.28,3.6,25F
21759,2023-08-06 22:01:38,2023-08-26 14:07:13,Iridium,36.99720,-122.12148,171,3.6,3D Validated,Nothing Detected,29,3.28,3.6,25F
21759,2023-08-06 18:01:06,2023-08-26 14:07:13,Iridium,37.00412,-122.11935,142,3.6,3D Validated,Nothing Detected,23,3.28,3.6,25F
21759,2023-08-06 06:01:24,2023-08-06 14:05:47,Iridium,37.00071,-122.12304,186,5.6,3D Validated,Nothing Detected,20,3.28,3.6,25F
21759,2023-08-06 02:01:08,2023-08-06 14:05:47,Iridium,36.99869,-122.12459,194,3.4,3D Validated,Nothing Detected,24,3.28,3.6,25F
21759,2023-08-05 22:01:08,2023-08-06 14:05:57,Iridium,36.99746,-122.12527,183,3.4,3D Validated,Nothing Detected,23,3.28,3.6,25F
21759,2023-08-05 18:01:50,2023-08-06 14:05:57,Iridium,36.99794,-122.12503,147,9.4,3D Validated,Nothing Detected,21,3.28,3.6,25F
21759,2023-08-05 14:01:24,2023-08-05 14:05:24,Iridium,36.99795,-122.12464,236,2.4,3D Validated,Nothing Detected,21,3.28,3.6,25F
21759,2023-08-05 10:01:00,2023-08-05 14:05:24,Iridium,36.99833,-122.12490,203,2.4,3D Validated,Nothing Detected,19,3.28,3.6,25F
21759,2023-08-05 06:00:37,2023-08-05 14:05:24,Iridium,36.99240,-122.13135,173,2,3D Validated,Nothing Detected,20,3.36,3.6,25F
21759,2023-08-05 02:01:06,2023-08-05 14:05:24,Iridium,36.99323,-122.12677,127,4.2,3D Validated,Nothing Detected,24,3.28,3.6,25F
21759,2023-08-04 18:01:08,2023-08-06 14:05:57,Iridium,36.99778,-122.11970,219,3.2,3D Validated,Nothing Detected,23,3.28,3.6,25F
21759,2023-08-04 14:01:08,2023-08-06 14:06:09,Iridium,36.99236,-122.11513,153,2.4,3D Validated,Nothing Detected,23,3.28,3.6,25F
21759,2023-08-04 06:01:26,2023-08-04 10:06:39,Iridium,36.99059,-122.10392,164,3.2,3D Validated,Nothing Detected,20,3.28,3.6,25F
21759,2023-08-04 02:00:39,2023-08-04 10:06:39,Iridium,36.97199,-122.09309,72,2,3D Validated,Nothing Detected,25,3.28,3.6,25F
21759,2023-08-03 18:01:08,2023-08-06 14:06:35,Iridium,36.97044,-122.09111,49,2.8,3D Validated,Nothing Detected,22,3.28,3.6,25F
21759,2023-08-03 14:01:10,2023-08-06 14:06:35,Iridium,36.96799,-122.09332,67,5,3D Validated,Nothing Detected,20,3.28,3.6,25F
21759,2023-08-03 10:00:39,2023-08-06 14:06:35,Iridium,36.96455,-122.08946,18,2.2,3D Validated,Nothing Detected,19,3.28,3.6,25F
21759,2023-08-03 06:00:39,2023-08-06 14:06:46,Iridium,36.95740,-122.08156,-11,4.2,3D Validated,Nothing Detected,18,3.36,3.6,25F
21759,2023-08-03 02:01:33,2023-08-06 14:06:46,Iridium,36.95638,-122.08012,7,3.6,3D Validated,Nothing Detected,24,3.28,3.6,25F
21759,2023-08-02 14:00:39,2023-08-02 14:05:24,Iridium,36.95648,-122.08004,-1,5.6,3D Validated,Nothing Detected,23,3.28,3.6,25F
21759,2023-08-02 10:00:39,2023-08-02 14:05:24,Iridium,36.95644,-122.08008,11,2.2,3D Validated,Nothing Detected,22,3.36,3.6,25F
21759,2023-08-02 06:01:10,2023-08-02 14:05:24,Iridium,36.95643,-122.08016,5,2.4,3D Validated,Nothing Detected,24,3.28,3.6,25F
21759,2023-08-02 02:00:39,2023-08-02 14:05:24,Iridium,36.95645,-122.08006,2,3.6,3D Validated,Nothing Detected,22,3.28,3.6,25F
21759,2023-08-01 10:00:39,2023-08-01 10:05:37,Iridium,36.95645,-122.08005,0,1.2,3D Validated,Nothing Detected,25,3.28,3.6,25F
21759,2023-08-01 06:00:56,2023-08-01 10:05:37,Iridium,36.95647,-122.07999,0,4.8,3D Validated,Nothing Detected,20,3.28,3.6,25F
21759,2023-08-01 02:01:05,2023-08-01 10:05:37,Iridium,36.95633,-122.08034,21,5.6,3D Validated,Nothing Detected,23,3.28,3.6,25F